login,id,node_id,avatar_url,gravatar_id,url,html_url,followers_url,following_url,gists_url,starred_url,subscriptions_url,organizations_url,repos_url,events_url,received_events_url,type,site_admin,score
michaelliao,470058,MDQ6VXNlcjQ3MDA1OA==,https://avatars.githubusercontent.com/u/470058?v=4,,https://api.github.com/users/michaelliao,https://github.com/michaelliao,https://api.github.com/users/michaelliao/followers,https://api.github.com/users/michaelliao/following{/other_user},https://api.github.com/users/michaelliao/gists{/gist_id},https://api.github.com/users/michaelliao/starred{/owner}{/repo},https://api.github.com/users/michaelliao/subscriptions,https://api.github.com/users/michaelliao/orgs,https://api.github.com/users/michaelliao/repos,https://api.github.com/users/michaelliao/events{/privacy},https://api.github.com/users/michaelliao/received_events,User,False,1.0
daimajia,2503423,MDQ6VXNlcjI1MDM0MjM=,https://avatars.githubusercontent.com/u/2503423?v=4,,https://api.github.com/users/daimajia,https://github.com/daimajia,https://api.github.com/users/daimajia/followers,https://api.github.com/users/daimajia/following{/other_user},https://api.github.com/users/daimajia/gists{/gist_id},https://api.github.com/users/daimajia/starred{/owner}{/repo},https://api.github.com/users/daimajia/subscriptions,https://api.github.com/users/daimajia/orgs,https://api.github.com/users/daimajia/repos,https://api.github.com/users/daimajia/events{/privacy},https://api.github.com/users/daimajia/received_events,User,False,1.0
xiaolai,152970,MDQ6VXNlcjE1Mjk3MA==,https://avatars.githubusercontent.com/u/152970?v=4,,https://api.github.com/users/xiaolai,https://github.com/xiaolai,https://api.github.com/users/xiaolai/followers,https://api.github.com/users/xiaolai/following{/other_user},https://api.github.com/users/xiaolai/gists{/gist_id},https://api.github.com/users/xiaolai/starred{/owner}{/repo},https://api.github.com/users/xiaolai/subscriptions,https://api.github.com/users/xiaolai/orgs,https://api.github.com/users/xiaolai/repos,https://api.github.com/users/xiaolai/events{/privacy},https://api.github.com/users/xiaolai/received_events,User,False,1.0
draveness,6493255,MDQ6VXNlcjY0OTMyNTU=,https://avatars.githubusercontent.com/u/6493255?v=4,,https://api.github.com/users/draveness,https://github.com/draveness,https://api.github.com/users/draveness/followers,https://api.github.com/users/draveness/following{/other_user},https://api.github.com/users/draveness/gists{/gist_id},https://api.github.com/users/draveness/starred{/owner}{/repo},https://api.github.com/users/draveness/subscriptions,https://api.github.com/users/draveness/orgs,https://api.github.com/users/draveness/repos,https://api.github.com/users/draveness/events{/privacy},https://api.github.com/users/draveness/received_events,User,False,1.0
hongyangAndroid,10704521,MDQ6VXNlcjEwNzA0NTIx,https://avatars.githubusercontent.com/u/10704521?v=4,,https://api.github.com/users/hongyangAndroid,https://github.com/hongyangAndroid,https://api.github.com/users/hongyangAndroid/followers,https://api.github.com/users/hongyangAndroid/following{/other_user},https://api.github.com/users/hongyangAndroid/gists{/gist_id},https://api.github.com/users/hongyangAndroid/starred{/owner}{/repo},https://api.github.com/users/hongyangAndroid/subscriptions,https://api.github.com/users/hongyangAndroid/orgs,https://api.github.com/users/hongyangAndroid/repos,https://api.github.com/users/hongyangAndroid/events{/privacy},https://api.github.com/users/hongyangAndroid/received_events,User,False,1.0
haoel,1014558,MDQ6VXNlcjEwMTQ1NTg=,https://avatars.githubusercontent.com/u/1014558?v=4,,https://api.github.com/users/haoel,https://github.com/haoel,https://api.github.com/users/haoel/followers,https://api.github.com/users/haoel/following{/other_user},https://api.github.com/users/haoel/gists{/gist_id},https://api.github.com/users/haoel/starred{/owner}{/repo},https://api.github.com/users/haoel/subscriptions,https://api.github.com/users/haoel/orgs,https://api.github.com/users/haoel/repos,https://api.github.com/users/haoel/events{/privacy},https://api.github.com/users/haoel/received_events,User,False,1.0
wizardforcel,5080126,MDQ6VXNlcjUwODAxMjY=,https://avatars.githubusercontent.com/u/5080126?v=4,,https://api.github.com/users/wizardforcel,https://github.com/wizardforcel,https://api.github.com/users/wizardforcel/followers,https://api.github.com/users/wizardforcel/following{/other_user},https://api.github.com/users/wizardforcel/gists{/gist_id},https://api.github.com/users/wizardforcel/starred{/owner}{/repo},https://api.github.com/users/wizardforcel/subscriptions,https://api.github.com/users/wizardforcel/orgs,https://api.github.com/users/wizardforcel/repos,https://api.github.com/users/wizardforcel/events{/privacy},https://api.github.com/users/wizardforcel/received_events,User,False,1.0
i5ting,3118295,MDQ6VXNlcjMxMTgyOTU=,https://avatars.githubusercontent.com/u/3118295?v=4,,https://api.github.com/users/i5ting,https://github.com/i5ting,https://api.github.com/users/i5ting/followers,https://api.github.com/users/i5ting/following{/other_user},https://api.github.com/users/i5ting/gists{/gist_id},https://api.github.com/users/i5ting/starred{/owner}{/repo},https://api.github.com/users/i5ting/subscriptions,https://api.github.com/users/i5ting/orgs,https://api.github.com/users/i5ting/repos,https://api.github.com/users/i5ting/events{/privacy},https://api.github.com/users/i5ting/received_events,User,False,1.0
521xueweihan,8255800,MDQ6VXNlcjgyNTU4MDA=,https://avatars.githubusercontent.com/u/8255800?v=4,,https://api.github.com/users/521xueweihan,https://github.com/521xueweihan,https://api.github.com/users/521xueweihan/followers,https://api.github.com/users/521xueweihan/following{/other_user},https://api.github.com/users/521xueweihan/gists{/gist_id},https://api.github.com/users/521xueweihan/starred{/owner}{/repo},https://api.github.com/users/521xueweihan/subscriptions,https://api.github.com/users/521xueweihan/orgs,https://api.github.com/users/521xueweihan/repos,https://api.github.com/users/521xueweihan/events{/privacy},https://api.github.com/users/521xueweihan/received_events,User,False,1.0
ityouknow,4979648,MDQ6VXNlcjQ5Nzk2NDg=,https://avatars.githubusercontent.com/u/4979648?v=4,,https://api.github.com/users/ityouknow,https://github.com/ityouknow,https://api.github.com/users/ityouknow/followers,https://api.github.com/users/ityouknow/following{/other_user},https://api.github.com/users/ityouknow/gists{/gist_id},https://api.github.com/users/ityouknow/starred{/owner}{/repo},https://api.github.com/users/ityouknow/subscriptions,https://api.github.com/users/ityouknow/orgs,https://api.github.com/users/ityouknow/repos,https://api.github.com/users/ityouknow/events{/privacy},https://api.github.com/users/ityouknow/received_events,User,False,1.0
PKUFlyingPig,60659728,MDQ6VXNlcjYwNjU5NzI4,https://avatars.githubusercontent.com/u/60659728?v=4,,https://api.github.com/users/PKUFlyingPig,https://github.com/PKUFlyingPig,https://api.github.com/users/PKUFlyingPig/followers,https://api.github.com/users/PKUFlyingPig/following{/other_user},https://api.github.com/users/PKUFlyingPig/gists{/gist_id},https://api.github.com/users/PKUFlyingPig/starred{/owner}{/repo},https://api.github.com/users/PKUFlyingPig/subscriptions,https://api.github.com/users/PKUFlyingPig/orgs,https://api.github.com/users/PKUFlyingPig/repos,https://api.github.com/users/PKUFlyingPig/events{/privacy},https://api.github.com/users/PKUFlyingPig/received_events,User,False,1.0
singwhatiwanna,3346272,MDQ6VXNlcjMzNDYyNzI=,https://avatars.githubusercontent.com/u/3346272?v=4,,https://api.github.com/users/singwhatiwanna,https://github.com/singwhatiwanna,https://api.github.com/users/singwhatiwanna/followers,https://api.github.com/users/singwhatiwanna/following{/other_user},https://api.github.com/users/singwhatiwanna/gists{/gist_id},https://api.github.com/users/singwhatiwanna/starred{/owner}{/repo},https://api.github.com/users/singwhatiwanna/subscriptions,https://api.github.com/users/singwhatiwanna/orgs,https://api.github.com/users/singwhatiwanna/repos,https://api.github.com/users/singwhatiwanna/events{/privacy},https://api.github.com/users/singwhatiwanna/received_events,User,False,1.0
tangqiaoboy,733097,MDQ6VXNlcjczMzA5Nw==,https://avatars.githubusercontent.com/u/733097?v=4,,https://api.github.com/users/tangqiaoboy,https://github.com/tangqiaoboy,https://api.github.com/users/tangqiaoboy/followers,https://api.github.com/users/tangqiaoboy/following{/other_user},https://api.github.com/users/tangqiaoboy/gists{/gist_id},https://api.github.com/users/tangqiaoboy/starred{/owner}{/repo},https://api.github.com/users/tangqiaoboy/subscriptions,https://api.github.com/users/tangqiaoboy/orgs,https://api.github.com/users/tangqiaoboy/repos,https://api.github.com/users/tangqiaoboy/events{/privacy},https://api.github.com/users/tangqiaoboy/received_events,User,False,1.0
gaoxiang12,6635511,MDQ6VXNlcjY2MzU1MTE=,https://avatars.githubusercontent.com/u/6635511?v=4,,https://api.github.com/users/gaoxiang12,https://github.com/gaoxiang12,https://api.github.com/users/gaoxiang12/followers,https://api.github.com/users/gaoxiang12/following{/other_user},https://api.github.com/users/gaoxiang12/gists{/gist_id},https://api.github.com/users/gaoxiang12/starred{/owner}{/repo},https://api.github.com/users/gaoxiang12/subscriptions,https://api.github.com/users/gaoxiang12/orgs,https://api.github.com/users/gaoxiang12/repos,https://api.github.com/users/gaoxiang12/events{/privacy},https://api.github.com/users/gaoxiang12/received_events,User,False,1.0
liuhuanyong,22536595,MDQ6VXNlcjIyNTM2NTk1,https://avatars.githubusercontent.com/u/22536595?v=4,,https://api.github.com/users/liuhuanyong,https://github.com/liuhuanyong,https://api.github.com/users/liuhuanyong/followers,https://api.github.com/users/liuhuanyong/following{/other_user},https://api.github.com/users/liuhuanyong/gists{/gist_id},https://api.github.com/users/liuhuanyong/starred{/owner}{/repo},https://api.github.com/users/liuhuanyong/subscriptions,https://api.github.com/users/liuhuanyong/orgs,https://api.github.com/users/liuhuanyong/repos,https://api.github.com/users/liuhuanyong/events{/privacy},https://api.github.com/users/liuhuanyong/received_events,User,False,1.0
yanhaijing,3192087,MDQ6VXNlcjMxOTIwODc=,https://avatars.githubusercontent.com/u/3192087?v=4,,https://api.github.com/users/yanhaijing,https://github.com/yanhaijing,https://api.github.com/users/yanhaijing/followers,https://api.github.com/users/yanhaijing/following{/other_user},https://api.github.com/users/yanhaijing/gists{/gist_id},https://api.github.com/users/yanhaijing/starred{/owner}{/repo},https://api.github.com/users/yanhaijing/subscriptions,https://api.github.com/users/yanhaijing/orgs,https://api.github.com/users/yanhaijing/repos,https://api.github.com/users/yanhaijing/events{/privacy},https://api.github.com/users/yanhaijing/received_events,User,False,1.0
HcySunYang,14146560,MDQ6VXNlcjE0MTQ2NTYw,https://avatars.githubusercontent.com/u/14146560?v=4,,https://api.github.com/users/HcySunYang,https://github.com/HcySunYang,https://api.github.com/users/HcySunYang/followers,https://api.github.com/users/HcySunYang/following{/other_user},https://api.github.com/users/HcySunYang/gists{/gist_id},https://api.github.com/users/HcySunYang/starred{/owner}{/repo},https://api.github.com/users/HcySunYang/subscriptions,https://api.github.com/users/HcySunYang/orgs,https://api.github.com/users/HcySunYang/repos,https://api.github.com/users/HcySunYang/events{/privacy},https://api.github.com/users/HcySunYang/received_events,User,False,1.0
julycoding,6184536,MDQ6VXNlcjYxODQ1MzY=,https://avatars.githubusercontent.com/u/6184536?v=4,,https://api.github.com/users/julycoding,https://github.com/julycoding,https://api.github.com/users/julycoding/followers,https://api.github.com/users/julycoding/following{/other_user},https://api.github.com/users/julycoding/gists{/gist_id},https://api.github.com/users/julycoding/starred{/owner}{/repo},https://api.github.com/users/julycoding/subscriptions,https://api.github.com/users/julycoding/orgs,https://api.github.com/users/julycoding/repos,https://api.github.com/users/julycoding/events{/privacy},https://api.github.com/users/julycoding/received_events,User,False,1.0
jindongwang,6158206,MDQ6VXNlcjYxNTgyMDY=,https://avatars.githubusercontent.com/u/6158206?v=4,,https://api.github.com/users/jindongwang,https://github.com/jindongwang,https://api.github.com/users/jindongwang/followers,https://api.github.com/users/jindongwang/following{/other_user},https://api.github.com/users/jindongwang/gists{/gist_id},https://api.github.com/users/jindongwang/starred{/owner}{/repo},https://api.github.com/users/jindongwang/subscriptions,https://api.github.com/users/jindongwang/orgs,https://api.github.com/users/jindongwang/repos,https://api.github.com/users/jindongwang/events{/privacy},https://api.github.com/users/jindongwang/received_events,User,False,1.0
rfyiamcool,3785409,MDQ6VXNlcjM3ODU0MDk=,https://avatars.githubusercontent.com/u/3785409?v=4,,https://api.github.com/users/rfyiamcool,https://github.com/rfyiamcool,https://api.github.com/users/rfyiamcool/followers,https://api.github.com/users/rfyiamcool/following{/other_user},https://api.github.com/users/rfyiamcool/gists{/gist_id},https://api.github.com/users/rfyiamcool/starred{/owner}{/repo},https://api.github.com/users/rfyiamcool/subscriptions,https://api.github.com/users/rfyiamcool/orgs,https://api.github.com/users/rfyiamcool/repos,https://api.github.com/users/rfyiamcool/events{/privacy},https://api.github.com/users/rfyiamcool/received_events,User,False,1.0
Terry-Mao,1627804,MDQ6VXNlcjE2Mjc4MDQ=,https://avatars.githubusercontent.com/u/1627804?v=4,,https://api.github.com/users/Terry-Mao,https://github.com/Terry-Mao,https://api.github.com/users/Terry-Mao/followers,https://api.github.com/users/Terry-Mao/following{/other_user},https://api.github.com/users/Terry-Mao/gists{/gist_id},https://api.github.com/users/Terry-Mao/starred{/owner}{/repo},https://api.github.com/users/Terry-Mao/subscriptions,https://api.github.com/users/Terry-Mao/orgs,https://api.github.com/users/Terry-Mao/repos,https://api.github.com/users/Terry-Mao/events{/privacy},https://api.github.com/users/Terry-Mao/received_events,User,False,1.0
chyyuu,2077445,MDQ6VXNlcjIwNzc0NDU=,https://avatars.githubusercontent.com/u/2077445?v=4,,https://api.github.com/users/chyyuu,https://github.com/chyyuu,https://api.github.com/users/chyyuu/followers,https://api.github.com/users/chyyuu/following{/other_user},https://api.github.com/users/chyyuu/gists{/gist_id},https://api.github.com/users/chyyuu/starred{/owner}{/repo},https://api.github.com/users/chyyuu/subscriptions,https://api.github.com/users/chyyuu/orgs,https://api.github.com/users/chyyuu/repos,https://api.github.com/users/chyyuu/events{/privacy},https://api.github.com/users/chyyuu/received_events,User,False,1.0
cch123,384546,MDQ6VXNlcjM4NDU0Ng==,https://avatars.githubusercontent.com/u/384546?v=4,,https://api.github.com/users/cch123,https://github.com/cch123,https://api.github.com/users/cch123/followers,https://api.github.com/users/cch123/following{/other_user},https://api.github.com/users/cch123/gists{/gist_id},https://api.github.com/users/cch123/starred{/owner}{/repo},https://api.github.com/users/cch123/subscriptions,https://api.github.com/users/cch123/orgs,https://api.github.com/users/cch123/repos,https://api.github.com/users/cch123/events{/privacy},https://api.github.com/users/cch123/received_events,User,False,1.0
rootsongjc,3328185,MDQ6VXNlcjMzMjgxODU=,https://avatars.githubusercontent.com/u/3328185?v=4,,https://api.github.com/users/rootsongjc,https://github.com/rootsongjc,https://api.github.com/users/rootsongjc/followers,https://api.github.com/users/rootsongjc/following{/other_user},https://api.github.com/users/rootsongjc/gists{/gist_id},https://api.github.com/users/rootsongjc/starred{/owner}{/repo},https://api.github.com/users/rootsongjc/subscriptions,https://api.github.com/users/rootsongjc/orgs,https://api.github.com/users/rootsongjc/repos,https://api.github.com/users/rootsongjc/events{/privacy},https://api.github.com/users/rootsongjc/received_events,User,False,1.0
ymcui,16095339,MDQ6VXNlcjE2MDk1MzM5,https://avatars.githubusercontent.com/u/16095339?v=4,,https://api.github.com/users/ymcui,https://github.com/ymcui,https://api.github.com/users/ymcui/followers,https://api.github.com/users/ymcui/following{/other_user},https://api.github.com/users/ymcui/gists{/gist_id},https://api.github.com/users/ymcui/starred{/owner}{/repo},https://api.github.com/users/ymcui/subscriptions,https://api.github.com/users/ymcui/orgs,https://api.github.com/users/ymcui/repos,https://api.github.com/users/ymcui/events{/privacy},https://api.github.com/users/ymcui/received_events,User,False,1.0
dongweiming,841395,MDQ6VXNlcjg0MTM5NQ==,https://avatars.githubusercontent.com/u/841395?v=4,,https://api.github.com/users/dongweiming,https://github.com/dongweiming,https://api.github.com/users/dongweiming/followers,https://api.github.com/users/dongweiming/following{/other_user},https://api.github.com/users/dongweiming/gists{/gist_id},https://api.github.com/users/dongweiming/starred{/owner}{/repo},https://api.github.com/users/dongweiming/subscriptions,https://api.github.com/users/dongweiming/orgs,https://api.github.com/users/dongweiming/repos,https://api.github.com/users/dongweiming/events{/privacy},https://api.github.com/users/dongweiming/received_events,User,False,1.0
zce,6166576,MDQ6VXNlcjYxNjY1NzY=,https://avatars.githubusercontent.com/u/6166576?v=4,,https://api.github.com/users/zce,https://github.com/zce,https://api.github.com/users/zce/followers,https://api.github.com/users/zce/following{/other_user},https://api.github.com/users/zce/gists{/gist_id},https://api.github.com/users/zce/starred{/owner}{/repo},https://api.github.com/users/zce/subscriptions,https://api.github.com/users/zce/orgs,https://api.github.com/users/zce/repos,https://api.github.com/users/zce/events{/privacy},https://api.github.com/users/zce/received_events,User,False,1.0
wu-sheng,5441976,MDQ6VXNlcjU0NDE5NzY=,https://avatars.githubusercontent.com/u/5441976?v=4,,https://api.github.com/users/wu-sheng,https://github.com/wu-sheng,https://api.github.com/users/wu-sheng/followers,https://api.github.com/users/wu-sheng/following{/other_user},https://api.github.com/users/wu-sheng/gists{/gist_id},https://api.github.com/users/wu-sheng/starred{/owner}{/repo},https://api.github.com/users/wu-sheng/subscriptions,https://api.github.com/users/wu-sheng/orgs,https://api.github.com/users/wu-sheng/repos,https://api.github.com/users/wu-sheng/events{/privacy},https://api.github.com/users/wu-sheng/received_events,User,False,1.0
sunnyxx,2410234,MDQ6VXNlcjI0MTAyMzQ=,https://avatars.githubusercontent.com/u/2410234?v=4,,https://api.github.com/users/sunnyxx,https://github.com/sunnyxx,https://api.github.com/users/sunnyxx/followers,https://api.github.com/users/sunnyxx/following{/other_user},https://api.github.com/users/sunnyxx/gists{/gist_id},https://api.github.com/users/sunnyxx/starred{/owner}{/repo},https://api.github.com/users/sunnyxx/subscriptions,https://api.github.com/users/sunnyxx/orgs,https://api.github.com/users/sunnyxx/repos,https://api.github.com/users/sunnyxx/events{/privacy},https://api.github.com/users/sunnyxx/received_events,User,False,1.0
wangfupeng1988,9583120,MDQ6VXNlcjk1ODMxMjA=,https://avatars.githubusercontent.com/u/9583120?v=4,,https://api.github.com/users/wangfupeng1988,https://github.com/wangfupeng1988,https://api.github.com/users/wangfupeng1988/followers,https://api.github.com/users/wangfupeng1988/following{/other_user},https://api.github.com/users/wangfupeng1988/gists{/gist_id},https://api.github.com/users/wangfupeng1988/starred{/owner}{/repo},https://api.github.com/users/wangfupeng1988/subscriptions,https://api.github.com/users/wangfupeng1988/orgs,https://api.github.com/users/wangfupeng1988/repos,https://api.github.com/users/wangfupeng1988/events{/privacy},https://api.github.com/users/wangfupeng1988/received_events,User,False,1.0
johnlui,2127912,MDQ6VXNlcjIxMjc5MTI=,https://avatars.githubusercontent.com/u/2127912?v=4,,https://api.github.com/users/johnlui,https://github.com/johnlui,https://api.github.com/users/johnlui/followers,https://api.github.com/users/johnlui/following{/other_user},https://api.github.com/users/johnlui/gists{/gist_id},https://api.github.com/users/johnlui/starred{/owner}{/repo},https://api.github.com/users/johnlui/subscriptions,https://api.github.com/users/johnlui/orgs,https://api.github.com/users/johnlui/repos,https://api.github.com/users/johnlui/events{/privacy},https://api.github.com/users/johnlui/received_events,User,False,1.0
lilydjwg,440661,MDQ6VXNlcjQ0MDY2MQ==,https://avatars.githubusercontent.com/u/440661?v=4,,https://api.github.com/users/lilydjwg,https://github.com/lilydjwg,https://api.github.com/users/lilydjwg/followers,https://api.github.com/users/lilydjwg/following{/other_user},https://api.github.com/users/lilydjwg/gists{/gist_id},https://api.github.com/users/lilydjwg/starred{/owner}{/repo},https://api.github.com/users/lilydjwg/subscriptions,https://api.github.com/users/lilydjwg/orgs,https://api.github.com/users/lilydjwg/repos,https://api.github.com/users/lilydjwg/events{/privacy},https://api.github.com/users/lilydjwg/received_events,User,False,1.0
thunlp,18389035,MDEyOk9yZ2FuaXphdGlvbjE4Mzg5MDM1,https://avatars.githubusercontent.com/u/18389035?v=4,,https://api.github.com/users/thunlp,https://github.com/thunlp,https://api.github.com/users/thunlp/followers,https://api.github.com/users/thunlp/following{/other_user},https://api.github.com/users/thunlp/gists{/gist_id},https://api.github.com/users/thunlp/starred{/owner}{/repo},https://api.github.com/users/thunlp/subscriptions,https://api.github.com/users/thunlp/orgs,https://api.github.com/users/thunlp/repos,https://api.github.com/users/thunlp/events{/privacy},https://api.github.com/users/thunlp/received_events,Organization,False,1.0
zhengmin1989,2987353,MDQ6VXNlcjI5ODczNTM=,https://avatars.githubusercontent.com/u/2987353?v=4,,https://api.github.com/users/zhengmin1989,https://github.com/zhengmin1989,https://api.github.com/users/zhengmin1989/followers,https://api.github.com/users/zhengmin1989/following{/other_user},https://api.github.com/users/zhengmin1989/gists{/gist_id},https://api.github.com/users/zhengmin1989/starred{/owner}{/repo},https://api.github.com/users/zhengmin1989/subscriptions,https://api.github.com/users/zhengmin1989/orgs,https://api.github.com/users/zhengmin1989/repos,https://api.github.com/users/zhengmin1989/events{/privacy},https://api.github.com/users/zhengmin1989/received_events,User,False,1.0
baoyongzhang,4636761,MDQ6VXNlcjQ2MzY3NjE=,https://avatars.githubusercontent.com/u/4636761?v=4,,https://api.github.com/users/baoyongzhang,https://github.com/baoyongzhang,https://api.github.com/users/baoyongzhang/followers,https://api.github.com/users/baoyongzhang/following{/other_user},https://api.github.com/users/baoyongzhang/gists{/gist_id},https://api.github.com/users/baoyongzhang/starred{/owner}{/repo},https://api.github.com/users/baoyongzhang/subscriptions,https://api.github.com/users/baoyongzhang/orgs,https://api.github.com/users/baoyongzhang/repos,https://api.github.com/users/baoyongzhang/events{/privacy},https://api.github.com/users/baoyongzhang/received_events,User,False,1.0
wendux,20411648,MDQ6VXNlcjIwNDExNjQ4,https://avatars.githubusercontent.com/u/20411648?v=4,,https://api.github.com/users/wendux,https://github.com/wendux,https://api.github.com/users/wendux/followers,https://api.github.com/users/wendux/following{/other_user},https://api.github.com/users/wendux/gists{/gist_id},https://api.github.com/users/wendux/starred{/owner}{/repo},https://api.github.com/users/wendux/subscriptions,https://api.github.com/users/wendux/orgs,https://api.github.com/users/wendux/repos,https://api.github.com/users/wendux/events{/privacy},https://api.github.com/users/wendux/received_events,User,False,1.0
shenghy,9941624,MDQ6VXNlcjk5NDE2MjQ=,https://avatars.githubusercontent.com/u/9941624?v=4,,https://api.github.com/users/shenghy,https://github.com/shenghy,https://api.github.com/users/shenghy/followers,https://api.github.com/users/shenghy/following{/other_user},https://api.github.com/users/shenghy/gists{/gist_id},https://api.github.com/users/shenghy/starred{/owner}{/repo},https://api.github.com/users/shenghy/subscriptions,https://api.github.com/users/shenghy/orgs,https://api.github.com/users/shenghy/repos,https://api.github.com/users/shenghy/events{/privacy},https://api.github.com/users/shenghy/received_events,User,False,1.0
polaris1119,899673,MDQ6VXNlcjg5OTY3Mw==,https://avatars.githubusercontent.com/u/899673?v=4,,https://api.github.com/users/polaris1119,https://github.com/polaris1119,https://api.github.com/users/polaris1119/followers,https://api.github.com/users/polaris1119/following{/other_user},https://api.github.com/users/polaris1119/gists{/gist_id},https://api.github.com/users/polaris1119/starred{/owner}{/repo},https://api.github.com/users/polaris1119/subscriptions,https://api.github.com/users/polaris1119/orgs,https://api.github.com/users/polaris1119/repos,https://api.github.com/users/polaris1119/events{/privacy},https://api.github.com/users/polaris1119/received_events,User,False,1.0
dexteryy,43011,MDQ6VXNlcjQzMDEx,https://avatars.githubusercontent.com/u/43011?v=4,,https://api.github.com/users/dexteryy,https://github.com/dexteryy,https://api.github.com/users/dexteryy/followers,https://api.github.com/users/dexteryy/following{/other_user},https://api.github.com/users/dexteryy/gists{/gist_id},https://api.github.com/users/dexteryy/starred{/owner}{/repo},https://api.github.com/users/dexteryy/subscriptions,https://api.github.com/users/dexteryy/orgs,https://api.github.com/users/dexteryy/repos,https://api.github.com/users/dexteryy/events{/privacy},https://api.github.com/users/dexteryy/received_events,User,False,1.0
lotem,151157,MDQ6VXNlcjE1MTE1Nw==,https://avatars.githubusercontent.com/u/151157?v=4,,https://api.github.com/users/lotem,https://github.com/lotem,https://api.github.com/users/lotem/followers,https://api.github.com/users/lotem/following{/other_user},https://api.github.com/users/lotem/gists{/gist_id},https://api.github.com/users/lotem/starred{/owner}{/repo},https://api.github.com/users/lotem/subscriptions,https://api.github.com/users/lotem/orgs,https://api.github.com/users/lotem/repos,https://api.github.com/users/lotem/events{/privacy},https://api.github.com/users/lotem/received_events,User,False,1.0
yangfuhai,1539806,MDQ6VXNlcjE1Mzk4MDY=,https://avatars.githubusercontent.com/u/1539806?v=4,,https://api.github.com/users/yangfuhai,https://github.com/yangfuhai,https://api.github.com/users/yangfuhai/followers,https://api.github.com/users/yangfuhai/following{/other_user},https://api.github.com/users/yangfuhai/gists{/gist_id},https://api.github.com/users/yangfuhai/starred{/owner}{/repo},https://api.github.com/users/yangfuhai/subscriptions,https://api.github.com/users/yangfuhai/orgs,https://api.github.com/users/yangfuhai/repos,https://api.github.com/users/yangfuhai/events{/privacy},https://api.github.com/users/yangfuhai/received_events,User,False,1.0
hiyouga,16256802,MDQ6VXNlcjE2MjU2ODAy,https://avatars.githubusercontent.com/u/16256802?v=4,,https://api.github.com/users/hiyouga,https://github.com/hiyouga,https://api.github.com/users/hiyouga/followers,https://api.github.com/users/hiyouga/following{/other_user},https://api.github.com/users/hiyouga/gists{/gist_id},https://api.github.com/users/hiyouga/starred{/owner}{/repo},https://api.github.com/users/hiyouga/subscriptions,https://api.github.com/users/hiyouga/orgs,https://api.github.com/users/hiyouga/repos,https://api.github.com/users/hiyouga/events{/privacy},https://api.github.com/users/hiyouga/received_events,User,False,1.0
bennyhuo,6336960,MDQ6VXNlcjYzMzY5NjA=,https://avatars.githubusercontent.com/u/6336960?v=4,,https://api.github.com/users/bennyhuo,https://github.com/bennyhuo,https://api.github.com/users/bennyhuo/followers,https://api.github.com/users/bennyhuo/following{/other_user},https://api.github.com/users/bennyhuo/gists{/gist_id},https://api.github.com/users/bennyhuo/starred{/owner}{/repo},https://api.github.com/users/bennyhuo/subscriptions,https://api.github.com/users/bennyhuo/orgs,https://api.github.com/users/bennyhuo/repos,https://api.github.com/users/bennyhuo/events{/privacy},https://api.github.com/users/bennyhuo/received_events,User,False,1.0
soulteary,1500781,MDQ6VXNlcjE1MDA3ODE=,https://avatars.githubusercontent.com/u/1500781?v=4,,https://api.github.com/users/soulteary,https://github.com/soulteary,https://api.github.com/users/soulteary/followers,https://api.github.com/users/soulteary/following{/other_user},https://api.github.com/users/soulteary/gists{/gist_id},https://api.github.com/users/soulteary/starred{/owner}{/repo},https://api.github.com/users/soulteary/subscriptions,https://api.github.com/users/soulteary/orgs,https://api.github.com/users/soulteary/repos,https://api.github.com/users/soulteary/events{/privacy},https://api.github.com/users/soulteary/received_events,User,False,1.0
taowen,40541,MDQ6VXNlcjQwNTQx,https://avatars.githubusercontent.com/u/40541?v=4,,https://api.github.com/users/taowen,https://github.com/taowen,https://api.github.com/users/taowen/followers,https://api.github.com/users/taowen/following{/other_user},https://api.github.com/users/taowen/gists{/gist_id},https://api.github.com/users/taowen/starred{/owner}{/repo},https://api.github.com/users/taowen/subscriptions,https://api.github.com/users/taowen/orgs,https://api.github.com/users/taowen/repos,https://api.github.com/users/taowen/events{/privacy},https://api.github.com/users/taowen/received_events,User,False,1.0
Yixiaohan,1506425,MDQ6VXNlcjE1MDY0MjU=,https://avatars.githubusercontent.com/u/1506425?v=4,,https://api.github.com/users/Yixiaohan,https://github.com/Yixiaohan,https://api.github.com/users/Yixiaohan/followers,https://api.github.com/users/Yixiaohan/following{/other_user},https://api.github.com/users/Yixiaohan/gists{/gist_id},https://api.github.com/users/Yixiaohan/starred{/owner}{/repo},https://api.github.com/users/Yixiaohan/subscriptions,https://api.github.com/users/Yixiaohan/orgs,https://api.github.com/users/Yixiaohan/repos,https://api.github.com/users/Yixiaohan/events{/privacy},https://api.github.com/users/Yixiaohan/received_events,User,False,1.0
ouyangzhiping,457349,MDQ6VXNlcjQ1NzM0OQ==,https://avatars.githubusercontent.com/u/457349?v=4,,https://api.github.com/users/ouyangzhiping,https://github.com/ouyangzhiping,https://api.github.com/users/ouyangzhiping/followers,https://api.github.com/users/ouyangzhiping/following{/other_user},https://api.github.com/users/ouyangzhiping/gists{/gist_id},https://api.github.com/users/ouyangzhiping/starred{/owner}{/repo},https://api.github.com/users/ouyangzhiping/subscriptions,https://api.github.com/users/ouyangzhiping/orgs,https://api.github.com/users/ouyangzhiping/repos,https://api.github.com/users/ouyangzhiping/events{/privacy},https://api.github.com/users/ouyangzhiping/received_events,User,False,1.0
foolwood,11716717,MDQ6VXNlcjExNzE2NzE3,https://avatars.githubusercontent.com/u/11716717?v=4,,https://api.github.com/users/foolwood,https://github.com/foolwood,https://api.github.com/users/foolwood/followers,https://api.github.com/users/foolwood/following{/other_user},https://api.github.com/users/foolwood/gists{/gist_id},https://api.github.com/users/foolwood/starred{/owner}{/repo},https://api.github.com/users/foolwood/subscriptions,https://api.github.com/users/foolwood/orgs,https://api.github.com/users/foolwood/repos,https://api.github.com/users/foolwood/events{/privacy},https://api.github.com/users/foolwood/received_events,User,False,1.0
baidu,13245940,MDEyOk9yZ2FuaXphdGlvbjEzMjQ1OTQw,https://avatars.githubusercontent.com/u/13245940?v=4,,https://api.github.com/users/baidu,https://github.com/baidu,https://api.github.com/users/baidu/followers,https://api.github.com/users/baidu/following{/other_user},https://api.github.com/users/baidu/gists{/gist_id},https://api.github.com/users/baidu/starred{/owner}{/repo},https://api.github.com/users/baidu/subscriptions,https://api.github.com/users/baidu/orgs,https://api.github.com/users/baidu/repos,https://api.github.com/users/baidu/events{/privacy},https://api.github.com/users/baidu/received_events,Organization,False,1.0
ideawu,3202758,MDQ6VXNlcjMyMDI3NTg=,https://avatars.githubusercontent.com/u/3202758?v=4,,https://api.github.com/users/ideawu,https://github.com/ideawu,https://api.github.com/users/ideawu/followers,https://api.github.com/users/ideawu/following{/other_user},https://api.github.com/users/ideawu/gists{/gist_id},https://api.github.com/users/ideawu/starred{/owner}{/repo},https://api.github.com/users/ideawu/subscriptions,https://api.github.com/users/ideawu/orgs,https://api.github.com/users/ideawu/repos,https://api.github.com/users/ideawu/events{/privacy},https://api.github.com/users/ideawu/received_events,User,False,1.0
chaoslawful,56617,MDQ6VXNlcjU2NjE3,https://avatars.githubusercontent.com/u/56617?v=4,,https://api.github.com/users/chaoslawful,https://github.com/chaoslawful,https://api.github.com/users/chaoslawful/followers,https://api.github.com/users/chaoslawful/following{/other_user},https://api.github.com/users/chaoslawful/gists{/gist_id},https://api.github.com/users/chaoslawful/starred{/owner}{/repo},https://api.github.com/users/chaoslawful/subscriptions,https://api.github.com/users/chaoslawful/orgs,https://api.github.com/users/chaoslawful/repos,https://api.github.com/users/chaoslawful/events{/privacy},https://api.github.com/users/chaoslawful/received_events,User,False,1.0
bestswifter,8394612,MDQ6VXNlcjgzOTQ2MTI=,https://avatars.githubusercontent.com/u/8394612?v=4,,https://api.github.com/users/bestswifter,https://github.com/bestswifter,https://api.github.com/users/bestswifter/followers,https://api.github.com/users/bestswifter/following{/other_user},https://api.github.com/users/bestswifter/gists{/gist_id},https://api.github.com/users/bestswifter/starred{/owner}{/repo},https://api.github.com/users/bestswifter/subscriptions,https://api.github.com/users/bestswifter/orgs,https://api.github.com/users/bestswifter/repos,https://api.github.com/users/bestswifter/events{/privacy},https://api.github.com/users/bestswifter/received_events,User,False,1.0
shibing624,10249622,MDQ6VXNlcjEwMjQ5NjIy,https://avatars.githubusercontent.com/u/10249622?v=4,,https://api.github.com/users/shibing624,https://github.com/shibing624,https://api.github.com/users/shibing624/followers,https://api.github.com/users/shibing624/following{/other_user},https://api.github.com/users/shibing624/gists{/gist_id},https://api.github.com/users/shibing624/starred{/owner}{/repo},https://api.github.com/users/shibing624/subscriptions,https://api.github.com/users/shibing624/orgs,https://api.github.com/users/shibing624/repos,https://api.github.com/users/shibing624/events{/privacy},https://api.github.com/users/shibing624/received_events,User,False,1.0
hyper0x,315569,MDQ6VXNlcjMxNTU2OQ==,https://avatars.githubusercontent.com/u/315569?v=4,,https://api.github.com/users/hyper0x,https://github.com/hyper0x,https://api.github.com/users/hyper0x/followers,https://api.github.com/users/hyper0x/following{/other_user},https://api.github.com/users/hyper0x/gists{/gist_id},https://api.github.com/users/hyper0x/starred{/owner}{/repo},https://api.github.com/users/hyper0x/subscriptions,https://api.github.com/users/hyper0x/orgs,https://api.github.com/users/hyper0x/repos,https://api.github.com/users/hyper0x/events{/privacy},https://api.github.com/users/hyper0x/received_events,User,False,1.0
L1aoXingyu,19245504,MDQ6VXNlcjE5MjQ1NTA0,https://avatars.githubusercontent.com/u/19245504?v=4,,https://api.github.com/users/L1aoXingyu,https://github.com/L1aoXingyu,https://api.github.com/users/L1aoXingyu/followers,https://api.github.com/users/L1aoXingyu/following{/other_user},https://api.github.com/users/L1aoXingyu/gists{/gist_id},https://api.github.com/users/L1aoXingyu/starred{/owner}{/repo},https://api.github.com/users/L1aoXingyu/subscriptions,https://api.github.com/users/L1aoXingyu/orgs,https://api.github.com/users/L1aoXingyu/repos,https://api.github.com/users/L1aoXingyu/events{/privacy},https://api.github.com/users/L1aoXingyu/received_events,User,False,1.0
terrymanu,5516298,MDQ6VXNlcjU1MTYyOTg=,https://avatars.githubusercontent.com/u/5516298?v=4,,https://api.github.com/users/terrymanu,https://github.com/terrymanu,https://api.github.com/users/terrymanu/followers,https://api.github.com/users/terrymanu/following{/other_user},https://api.github.com/users/terrymanu/gists{/gist_id},https://api.github.com/users/terrymanu/starred{/owner}{/repo},https://api.github.com/users/terrymanu/subscriptions,https://api.github.com/users/terrymanu/orgs,https://api.github.com/users/terrymanu/repos,https://api.github.com/users/terrymanu/events{/privacy},https://api.github.com/users/terrymanu/received_events,User,False,1.0
icarusion,5370542,MDQ6VXNlcjUzNzA1NDI=,https://avatars.githubusercontent.com/u/5370542?v=4,,https://api.github.com/users/icarusion,https://github.com/icarusion,https://api.github.com/users/icarusion/followers,https://api.github.com/users/icarusion/following{/other_user},https://api.github.com/users/icarusion/gists{/gist_id},https://api.github.com/users/icarusion/starred{/owner}{/repo},https://api.github.com/users/icarusion/subscriptions,https://api.github.com/users/icarusion/orgs,https://api.github.com/users/icarusion/repos,https://api.github.com/users/icarusion/events{/privacy},https://api.github.com/users/icarusion/received_events,User,False,1.0
MartinRGB,7036706,MDQ6VXNlcjcwMzY3MDY=,https://avatars.githubusercontent.com/u/7036706?v=4,,https://api.github.com/users/MartinRGB,https://github.com/MartinRGB,https://api.github.com/users/MartinRGB/followers,https://api.github.com/users/MartinRGB/following{/other_user},https://api.github.com/users/MartinRGB/gists{/gist_id},https://api.github.com/users/MartinRGB/starred{/owner}{/repo},https://api.github.com/users/MartinRGB/subscriptions,https://api.github.com/users/MartinRGB/orgs,https://api.github.com/users/MartinRGB/repos,https://api.github.com/users/MartinRGB/events{/privacy},https://api.github.com/users/MartinRGB/received_events,User,False,1.0
dsxNiubility,10696733,MDQ6VXNlcjEwNjk2NzMz,https://avatars.githubusercontent.com/u/10696733?v=4,,https://api.github.com/users/dsxNiubility,https://github.com/dsxNiubility,https://api.github.com/users/dsxNiubility/followers,https://api.github.com/users/dsxNiubility/following{/other_user},https://api.github.com/users/dsxNiubility/gists{/gist_id},https://api.github.com/users/dsxNiubility/starred{/owner}{/repo},https://api.github.com/users/dsxNiubility/subscriptions,https://api.github.com/users/dsxNiubility/orgs,https://api.github.com/users/dsxNiubility/repos,https://api.github.com/users/dsxNiubility/events{/privacy},https://api.github.com/users/dsxNiubility/received_events,User,False,1.0
BaiduFE,525484,MDQ6VXNlcjUyNTQ4NA==,https://avatars.githubusercontent.com/u/525484?v=4,,https://api.github.com/users/BaiduFE,https://github.com/BaiduFE,https://api.github.com/users/BaiduFE/followers,https://api.github.com/users/BaiduFE/following{/other_user},https://api.github.com/users/BaiduFE/gists{/gist_id},https://api.github.com/users/BaiduFE/starred{/owner}{/repo},https://api.github.com/users/BaiduFE/subscriptions,https://api.github.com/users/BaiduFE/orgs,https://api.github.com/users/BaiduFE/repos,https://api.github.com/users/BaiduFE/events{/privacy},https://api.github.com/users/BaiduFE/received_events,User,False,1.0
WangYihang,16917636,MDQ6VXNlcjE2OTE3NjM2,https://avatars.githubusercontent.com/u/16917636?v=4,,https://api.github.com/users/WangYihang,https://github.com/WangYihang,https://api.github.com/users/WangYihang/followers,https://api.github.com/users/WangYihang/following{/other_user},https://api.github.com/users/WangYihang/gists{/gist_id},https://api.github.com/users/WangYihang/starred{/owner}{/repo},https://api.github.com/users/WangYihang/subscriptions,https://api.github.com/users/WangYihang/orgs,https://api.github.com/users/WangYihang/repos,https://api.github.com/users/WangYihang/events{/privacy},https://api.github.com/users/WangYihang/received_events,User,False,1.0
Xyntax,12861404,MDQ6VXNlcjEyODYxNDA0,https://avatars.githubusercontent.com/u/12861404?v=4,,https://api.github.com/users/Xyntax,https://github.com/Xyntax,https://api.github.com/users/Xyntax/followers,https://api.github.com/users/Xyntax/following{/other_user},https://api.github.com/users/Xyntax/gists{/gist_id},https://api.github.com/users/Xyntax/starred{/owner}{/repo},https://api.github.com/users/Xyntax/subscriptions,https://api.github.com/users/Xyntax/orgs,https://api.github.com/users/Xyntax/repos,https://api.github.com/users/Xyntax/events{/privacy},https://api.github.com/users/Xyntax/received_events,User,False,1.0
xiaojue,289225,MDQ6VXNlcjI4OTIyNQ==,https://avatars.githubusercontent.com/u/289225?v=4,,https://api.github.com/users/xiaojue,https://github.com/xiaojue,https://api.github.com/users/xiaojue/followers,https://api.github.com/users/xiaojue/following{/other_user},https://api.github.com/users/xiaojue/gists{/gist_id},https://api.github.com/users/xiaojue/starred{/owner}{/repo},https://api.github.com/users/xiaojue/subscriptions,https://api.github.com/users/xiaojue/orgs,https://api.github.com/users/xiaojue/repos,https://api.github.com/users/xiaojue/events{/privacy},https://api.github.com/users/xiaojue/received_events,User,False,1.0
AmazingAng,14728591,MDQ6VXNlcjE0NzI4NTkx,https://avatars.githubusercontent.com/u/14728591?v=4,,https://api.github.com/users/AmazingAng,https://github.com/AmazingAng,https://api.github.com/users/AmazingAng/followers,https://api.github.com/users/AmazingAng/following{/other_user},https://api.github.com/users/AmazingAng/gists{/gist_id},https://api.github.com/users/AmazingAng/starred{/owner}{/repo},https://api.github.com/users/AmazingAng/subscriptions,https://api.github.com/users/AmazingAng/orgs,https://api.github.com/users/AmazingAng/repos,https://api.github.com/users/AmazingAng/events{/privacy},https://api.github.com/users/AmazingAng/received_events,User,False,1.0
jayli,188244,MDQ6VXNlcjE4ODI0NA==,https://avatars.githubusercontent.com/u/188244?v=4,,https://api.github.com/users/jayli,https://github.com/jayli,https://api.github.com/users/jayli/followers,https://api.github.com/users/jayli/following{/other_user},https://api.github.com/users/jayli/gists{/gist_id},https://api.github.com/users/jayli/starred{/owner}{/repo},https://api.github.com/users/jayli/subscriptions,https://api.github.com/users/jayli/orgs,https://api.github.com/users/jayli/repos,https://api.github.com/users/jayli/events{/privacy},https://api.github.com/users/jayli/received_events,User,False,1.0
su18,30317673,MDQ6VXNlcjMwMzE3Njcz,https://avatars.githubusercontent.com/u/30317673?v=4,,https://api.github.com/users/su18,https://github.com/su18,https://api.github.com/users/su18/followers,https://api.github.com/users/su18/following{/other_user},https://api.github.com/users/su18/gists{/gist_id},https://api.github.com/users/su18/starred{/owner}{/repo},https://api.github.com/users/su18/subscriptions,https://api.github.com/users/su18/orgs,https://api.github.com/users/su18/repos,https://api.github.com/users/su18/events{/privacy},https://api.github.com/users/su18/received_events,User,False,1.0
cucygh,2108595,MDQ6VXNlcjIxMDg1OTU=,https://avatars.githubusercontent.com/u/2108595?v=4,,https://api.github.com/users/cucygh,https://github.com/cucygh,https://api.github.com/users/cucygh/followers,https://api.github.com/users/cucygh/following{/other_user},https://api.github.com/users/cucygh/gists{/gist_id},https://api.github.com/users/cucygh/starred{/owner}{/repo},https://api.github.com/users/cucygh/subscriptions,https://api.github.com/users/cucygh/orgs,https://api.github.com/users/cucygh/repos,https://api.github.com/users/cucygh/events{/privacy},https://api.github.com/users/cucygh/received_events,User,False,1.0
doyoe,1207956,MDQ6VXNlcjEyMDc5NTY=,https://avatars.githubusercontent.com/u/1207956?v=4,,https://api.github.com/users/doyoe,https://github.com/doyoe,https://api.github.com/users/doyoe/followers,https://api.github.com/users/doyoe/following{/other_user},https://api.github.com/users/doyoe/gists{/gist_id},https://api.github.com/users/doyoe/starred{/owner}{/repo},https://api.github.com/users/doyoe/subscriptions,https://api.github.com/users/doyoe/orgs,https://api.github.com/users/doyoe/repos,https://api.github.com/users/doyoe/events{/privacy},https://api.github.com/users/doyoe/received_events,User,False,1.0
PegasusWang,4470478,MDQ6VXNlcjQ0NzA0Nzg=,https://avatars.githubusercontent.com/u/4470478?v=4,,https://api.github.com/users/PegasusWang,https://github.com/PegasusWang,https://api.github.com/users/PegasusWang/followers,https://api.github.com/users/PegasusWang/following{/other_user},https://api.github.com/users/PegasusWang/gists{/gist_id},https://api.github.com/users/PegasusWang/starred{/owner}{/repo},https://api.github.com/users/PegasusWang/subscriptions,https://api.github.com/users/PegasusWang/orgs,https://api.github.com/users/PegasusWang/repos,https://api.github.com/users/PegasusWang/events{/privacy},https://api.github.com/users/PegasusWang/received_events,User,False,1.0
ksky521,1073262,MDQ6VXNlcjEwNzMyNjI=,https://avatars.githubusercontent.com/u/1073262?v=4,,https://api.github.com/users/ksky521,https://github.com/ksky521,https://api.github.com/users/ksky521/followers,https://api.github.com/users/ksky521/following{/other_user},https://api.github.com/users/ksky521/gists{/gist_id},https://api.github.com/users/ksky521/starred{/owner}{/repo},https://api.github.com/users/ksky521/subscriptions,https://api.github.com/users/ksky521/orgs,https://api.github.com/users/ksky521/repos,https://api.github.com/users/ksky521/events{/privacy},https://api.github.com/users/ksky521/received_events,User,False,1.0
yanyiwu,2162645,MDQ6VXNlcjIxNjI2NDU=,https://avatars.githubusercontent.com/u/2162645?v=4,,https://api.github.com/users/yanyiwu,https://github.com/yanyiwu,https://api.github.com/users/yanyiwu/followers,https://api.github.com/users/yanyiwu/following{/other_user},https://api.github.com/users/yanyiwu/gists{/gist_id},https://api.github.com/users/yanyiwu/starred{/owner}{/repo},https://api.github.com/users/yanyiwu/subscriptions,https://api.github.com/users/yanyiwu/orgs,https://api.github.com/users/yanyiwu/repos,https://api.github.com/users/yanyiwu/events{/privacy},https://api.github.com/users/yanyiwu/received_events,User,False,1.0
zibuyu,2092704,MDQ6VXNlcjIwOTI3MDQ=,https://avatars.githubusercontent.com/u/2092704?v=4,,https://api.github.com/users/zibuyu,https://github.com/zibuyu,https://api.github.com/users/zibuyu/followers,https://api.github.com/users/zibuyu/following{/other_user},https://api.github.com/users/zibuyu/gists{/gist_id},https://api.github.com/users/zibuyu/starred{/owner}{/repo},https://api.github.com/users/zibuyu/subscriptions,https://api.github.com/users/zibuyu/orgs,https://api.github.com/users/zibuyu/repos,https://api.github.com/users/zibuyu/events{/privacy},https://api.github.com/users/zibuyu/received_events,User,False,1.0
kejun,21373,MDQ6VXNlcjIxMzcz,https://avatars.githubusercontent.com/u/21373?v=4,,https://api.github.com/users/kejun,https://github.com/kejun,https://api.github.com/users/kejun/followers,https://api.github.com/users/kejun/following{/other_user},https://api.github.com/users/kejun/gists{/gist_id},https://api.github.com/users/kejun/starred{/owner}{/repo},https://api.github.com/users/kejun/subscriptions,https://api.github.com/users/kejun/orgs,https://api.github.com/users/kejun/repos,https://api.github.com/users/kejun/events{/privacy},https://api.github.com/users/kejun/received_events,User,False,1.0
ashawkey,25863658,MDQ6VXNlcjI1ODYzNjU4,https://avatars.githubusercontent.com/u/25863658?v=4,,https://api.github.com/users/ashawkey,https://github.com/ashawkey,https://api.github.com/users/ashawkey/followers,https://api.github.com/users/ashawkey/following{/other_user},https://api.github.com/users/ashawkey/gists{/gist_id},https://api.github.com/users/ashawkey/starred{/owner}{/repo},https://api.github.com/users/ashawkey/subscriptions,https://api.github.com/users/ashawkey/orgs,https://api.github.com/users/ashawkey/repos,https://api.github.com/users/ashawkey/events{/privacy},https://api.github.com/users/ashawkey/received_events,User,False,1.0
meituan,977371,MDEyOk9yZ2FuaXphdGlvbjk3NzM3MQ==,https://avatars.githubusercontent.com/u/977371?v=4,,https://api.github.com/users/meituan,https://github.com/meituan,https://api.github.com/users/meituan/followers,https://api.github.com/users/meituan/following{/other_user},https://api.github.com/users/meituan/gists{/gist_id},https://api.github.com/users/meituan/starred{/owner}{/repo},https://api.github.com/users/meituan/subscriptions,https://api.github.com/users/meituan/orgs,https://api.github.com/users/meituan/repos,https://api.github.com/users/meituan/events{/privacy},https://api.github.com/users/meituan/received_events,Organization,False,1.0
yu199195,9673503,MDQ6VXNlcjk2NzM1MDM=,https://avatars.githubusercontent.com/u/9673503?v=4,,https://api.github.com/users/yu199195,https://github.com/yu199195,https://api.github.com/users/yu199195/followers,https://api.github.com/users/yu199195/following{/other_user},https://api.github.com/users/yu199195/gists{/gist_id},https://api.github.com/users/yu199195/starred{/owner}{/repo},https://api.github.com/users/yu199195/subscriptions,https://api.github.com/users/yu199195/orgs,https://api.github.com/users/yu199195/repos,https://api.github.com/users/yu199195/events{/privacy},https://api.github.com/users/yu199195/received_events,User,False,1.0
YouXianMing,5523568,MDQ6VXNlcjU1MjM1Njg=,https://avatars.githubusercontent.com/u/5523568?v=4,,https://api.github.com/users/YouXianMing,https://github.com/YouXianMing,https://api.github.com/users/YouXianMing/followers,https://api.github.com/users/YouXianMing/following{/other_user},https://api.github.com/users/YouXianMing/gists{/gist_id},https://api.github.com/users/YouXianMing/starred{/owner}{/repo},https://api.github.com/users/YouXianMing/subscriptions,https://api.github.com/users/YouXianMing/orgs,https://api.github.com/users/YouXianMing/repos,https://api.github.com/users/YouXianMing/events{/privacy},https://api.github.com/users/YouXianMing/received_events,User,False,1.0
qiurunze123,22807361,MDQ6VXNlcjIyODA3MzYx,https://avatars.githubusercontent.com/u/22807361?v=4,,https://api.github.com/users/qiurunze123,https://github.com/qiurunze123,https://api.github.com/users/qiurunze123/followers,https://api.github.com/users/qiurunze123/following{/other_user},https://api.github.com/users/qiurunze123/gists{/gist_id},https://api.github.com/users/qiurunze123/starred{/owner}{/repo},https://api.github.com/users/qiurunze123/subscriptions,https://api.github.com/users/qiurunze123/orgs,https://api.github.com/users/qiurunze123/repos,https://api.github.com/users/qiurunze123/events{/privacy},https://api.github.com/users/qiurunze123/received_events,User,False,1.0
mocheng,239291,MDQ6VXNlcjIzOTI5MQ==,https://avatars.githubusercontent.com/u/239291?v=4,,https://api.github.com/users/mocheng,https://github.com/mocheng,https://api.github.com/users/mocheng/followers,https://api.github.com/users/mocheng/following{/other_user},https://api.github.com/users/mocheng/gists{/gist_id},https://api.github.com/users/mocheng/starred{/owner}{/repo},https://api.github.com/users/mocheng/subscriptions,https://api.github.com/users/mocheng/orgs,https://api.github.com/users/mocheng/repos,https://api.github.com/users/mocheng/events{/privacy},https://api.github.com/users/mocheng/received_events,User,False,1.0
HeYijia,11751752,MDQ6VXNlcjExNzUxNzUy,https://avatars.githubusercontent.com/u/11751752?v=4,,https://api.github.com/users/HeYijia,https://github.com/HeYijia,https://api.github.com/users/HeYijia/followers,https://api.github.com/users/HeYijia/following{/other_user},https://api.github.com/users/HeYijia/gists{/gist_id},https://api.github.com/users/HeYijia/starred{/owner}{/repo},https://api.github.com/users/HeYijia/subscriptions,https://api.github.com/users/HeYijia/orgs,https://api.github.com/users/HeYijia/repos,https://api.github.com/users/HeYijia/events{/privacy},https://api.github.com/users/HeYijia/received_events,User,False,1.0
liuxinyu95,332938,MDQ6VXNlcjMzMjkzOA==,https://avatars.githubusercontent.com/u/332938?v=4,,https://api.github.com/users/liuxinyu95,https://github.com/liuxinyu95,https://api.github.com/users/liuxinyu95/followers,https://api.github.com/users/liuxinyu95/following{/other_user},https://api.github.com/users/liuxinyu95/gists{/gist_id},https://api.github.com/users/liuxinyu95/starred{/owner}{/repo},https://api.github.com/users/liuxinyu95/subscriptions,https://api.github.com/users/liuxinyu95/orgs,https://api.github.com/users/liuxinyu95/repos,https://api.github.com/users/liuxinyu95/events{/privacy},https://api.github.com/users/liuxinyu95/received_events,User,False,1.0
shuzheng,3739568,MDQ6VXNlcjM3Mzk1Njg=,https://avatars.githubusercontent.com/u/3739568?v=4,,https://api.github.com/users/shuzheng,https://github.com/shuzheng,https://api.github.com/users/shuzheng/followers,https://api.github.com/users/shuzheng/following{/other_user},https://api.github.com/users/shuzheng/gists{/gist_id},https://api.github.com/users/shuzheng/starred{/owner}{/repo},https://api.github.com/users/shuzheng/subscriptions,https://api.github.com/users/shuzheng/orgs,https://api.github.com/users/shuzheng/repos,https://api.github.com/users/shuzheng/events{/privacy},https://api.github.com/users/shuzheng/received_events,User,False,1.0
xingshaocheng,4962837,MDQ6VXNlcjQ5NjI4Mzc=,https://avatars.githubusercontent.com/u/4962837?v=4,,https://api.github.com/users/xingshaocheng,https://github.com/xingshaocheng,https://api.github.com/users/xingshaocheng/followers,https://api.github.com/users/xingshaocheng/following{/other_user},https://api.github.com/users/xingshaocheng/gists{/gist_id},https://api.github.com/users/xingshaocheng/starred{/owner}{/repo},https://api.github.com/users/xingshaocheng/subscriptions,https://api.github.com/users/xingshaocheng/orgs,https://api.github.com/users/xingshaocheng/repos,https://api.github.com/users/xingshaocheng/events{/privacy},https://api.github.com/users/xingshaocheng/received_events,User,False,1.0
Zheaoli,7054676,MDQ6VXNlcjcwNTQ2NzY=,https://avatars.githubusercontent.com/u/7054676?v=4,,https://api.github.com/users/Zheaoli,https://github.com/Zheaoli,https://api.github.com/users/Zheaoli/followers,https://api.github.com/users/Zheaoli/following{/other_user},https://api.github.com/users/Zheaoli/gists{/gist_id},https://api.github.com/users/Zheaoli/starred{/owner}{/repo},https://api.github.com/users/Zheaoli/subscriptions,https://api.github.com/users/Zheaoli/orgs,https://api.github.com/users/Zheaoli/repos,https://api.github.com/users/Zheaoli/events{/privacy},https://api.github.com/users/Zheaoli/received_events,User,False,1.0
willard-yuan,5379711,MDQ6VXNlcjUzNzk3MTE=,https://avatars.githubusercontent.com/u/5379711?v=4,,https://api.github.com/users/willard-yuan,https://github.com/willard-yuan,https://api.github.com/users/willard-yuan/followers,https://api.github.com/users/willard-yuan/following{/other_user},https://api.github.com/users/willard-yuan/gists{/gist_id},https://api.github.com/users/willard-yuan/starred{/owner}{/repo},https://api.github.com/users/willard-yuan/subscriptions,https://api.github.com/users/willard-yuan/orgs,https://api.github.com/users/willard-yuan/repos,https://api.github.com/users/willard-yuan/events{/privacy},https://api.github.com/users/willard-yuan/received_events,User,False,1.0
Vonng,8587410,MDQ6VXNlcjg1ODc0MTA=,https://avatars.githubusercontent.com/u/8587410?v=4,,https://api.github.com/users/Vonng,https://github.com/Vonng,https://api.github.com/users/Vonng/followers,https://api.github.com/users/Vonng/following{/other_user},https://api.github.com/users/Vonng/gists{/gist_id},https://api.github.com/users/Vonng/starred{/owner}{/repo},https://api.github.com/users/Vonng/subscriptions,https://api.github.com/users/Vonng/orgs,https://api.github.com/users/Vonng/repos,https://api.github.com/users/Vonng/events{/privacy},https://api.github.com/users/Vonng/received_events,User,False,1.0
lcdevelop,6023463,MDQ6VXNlcjYwMjM0NjM=,https://avatars.githubusercontent.com/u/6023463?v=4,,https://api.github.com/users/lcdevelop,https://github.com/lcdevelop,https://api.github.com/users/lcdevelop/followers,https://api.github.com/users/lcdevelop/following{/other_user},https://api.github.com/users/lcdevelop/gists{/gist_id},https://api.github.com/users/lcdevelop/starred{/owner}{/repo},https://api.github.com/users/lcdevelop/subscriptions,https://api.github.com/users/lcdevelop/orgs,https://api.github.com/users/lcdevelop/repos,https://api.github.com/users/lcdevelop/events{/privacy},https://api.github.com/users/lcdevelop/received_events,User,False,1.0
ericzhang-cn,653844,MDQ6VXNlcjY1Mzg0NA==,https://avatars.githubusercontent.com/u/653844?v=4,,https://api.github.com/users/ericzhang-cn,https://github.com/ericzhang-cn,https://api.github.com/users/ericzhang-cn/followers,https://api.github.com/users/ericzhang-cn/following{/other_user},https://api.github.com/users/ericzhang-cn/gists{/gist_id},https://api.github.com/users/ericzhang-cn/starred{/owner}{/repo},https://api.github.com/users/ericzhang-cn/subscriptions,https://api.github.com/users/ericzhang-cn/orgs,https://api.github.com/users/ericzhang-cn/repos,https://api.github.com/users/ericzhang-cn/events{/privacy},https://api.github.com/users/ericzhang-cn/received_events,User,False,1.0
looly,1432613,MDQ6VXNlcjE0MzI2MTM=,https://avatars.githubusercontent.com/u/1432613?v=4,,https://api.github.com/users/looly,https://github.com/looly,https://api.github.com/users/looly/followers,https://api.github.com/users/looly/following{/other_user},https://api.github.com/users/looly/gists{/gist_id},https://api.github.com/users/looly/starred{/owner}{/repo},https://api.github.com/users/looly/subscriptions,https://api.github.com/users/looly/orgs,https://api.github.com/users/looly/repos,https://api.github.com/users/looly/events{/privacy},https://api.github.com/users/looly/received_events,User,False,1.0
hua1995116,12070073,MDQ6VXNlcjEyMDcwMDcz,https://avatars.githubusercontent.com/u/12070073?v=4,,https://api.github.com/users/hua1995116,https://github.com/hua1995116,https://api.github.com/users/hua1995116/followers,https://api.github.com/users/hua1995116/following{/other_user},https://api.github.com/users/hua1995116/gists{/gist_id},https://api.github.com/users/hua1995116/starred{/owner}{/repo},https://api.github.com/users/hua1995116/subscriptions,https://api.github.com/users/hua1995116/orgs,https://api.github.com/users/hua1995116/repos,https://api.github.com/users/hua1995116/events{/privacy},https://api.github.com/users/hua1995116/received_events,User,False,1.0
spencerwooo,32114380,MDQ6VXNlcjMyMTE0Mzgw,https://avatars.githubusercontent.com/u/32114380?v=4,,https://api.github.com/users/spencerwooo,https://github.com/spencerwooo,https://api.github.com/users/spencerwooo/followers,https://api.github.com/users/spencerwooo/following{/other_user},https://api.github.com/users/spencerwooo/gists{/gist_id},https://api.github.com/users/spencerwooo/starred{/owner}{/repo},https://api.github.com/users/spencerwooo/subscriptions,https://api.github.com/users/spencerwooo/orgs,https://api.github.com/users/spencerwooo/repos,https://api.github.com/users/spencerwooo/events{/privacy},https://api.github.com/users/spencerwooo/received_events,User,False,1.0
didi,27521938,MDEyOk9yZ2FuaXphdGlvbjI3NTIxOTM4,https://avatars.githubusercontent.com/u/27521938?v=4,,https://api.github.com/users/didi,https://github.com/didi,https://api.github.com/users/didi/followers,https://api.github.com/users/didi/following{/other_user},https://api.github.com/users/didi/gists{/gist_id},https://api.github.com/users/didi/starred{/owner}{/repo},https://api.github.com/users/didi/subscriptions,https://api.github.com/users/didi/orgs,https://api.github.com/users/didi/repos,https://api.github.com/users/didi/events{/privacy},https://api.github.com/users/didi/received_events,Organization,False,1.0
ddiu8081,1998168,MDQ6VXNlcjE5OTgxNjg=,https://avatars.githubusercontent.com/u/1998168?v=4,,https://api.github.com/users/ddiu8081,https://github.com/ddiu8081,https://api.github.com/users/ddiu8081/followers,https://api.github.com/users/ddiu8081/following{/other_user},https://api.github.com/users/ddiu8081/gists{/gist_id},https://api.github.com/users/ddiu8081/starred{/owner}{/repo},https://api.github.com/users/ddiu8081/subscriptions,https://api.github.com/users/ddiu8081/orgs,https://api.github.com/users/ddiu8081/repos,https://api.github.com/users/ddiu8081/events{/privacy},https://api.github.com/users/ddiu8081/received_events,User,False,1.0
Q1mi,9710547,MDQ6VXNlcjk3MTA1NDc=,https://avatars.githubusercontent.com/u/9710547?v=4,,https://api.github.com/users/Q1mi,https://github.com/Q1mi,https://api.github.com/users/Q1mi/followers,https://api.github.com/users/Q1mi/following{/other_user},https://api.github.com/users/Q1mi/gists{/gist_id},https://api.github.com/users/Q1mi/starred{/owner}{/repo},https://api.github.com/users/Q1mi/subscriptions,https://api.github.com/users/Q1mi/orgs,https://api.github.com/users/Q1mi/repos,https://api.github.com/users/Q1mi/events{/privacy},https://api.github.com/users/Q1mi/received_events,User,False,1.0
FASTSHIFT,26767803,MDQ6VXNlcjI2NzY3ODAz,https://avatars.githubusercontent.com/u/26767803?v=4,,https://api.github.com/users/FASTSHIFT,https://github.com/FASTSHIFT,https://api.github.com/users/FASTSHIFT/followers,https://api.github.com/users/FASTSHIFT/following{/other_user},https://api.github.com/users/FASTSHIFT/gists{/gist_id},https://api.github.com/users/FASTSHIFT/starred{/owner}{/repo},https://api.github.com/users/FASTSHIFT/subscriptions,https://api.github.com/users/FASTSHIFT/orgs,https://api.github.com/users/FASTSHIFT/repos,https://api.github.com/users/FASTSHIFT/events{/privacy},https://api.github.com/users/FASTSHIFT/received_events,User,False,1.0
zsdonghao,10713581,MDQ6VXNlcjEwNzEzNTgx,https://avatars.githubusercontent.com/u/10713581?v=4,,https://api.github.com/users/zsdonghao,https://github.com/zsdonghao,https://api.github.com/users/zsdonghao/followers,https://api.github.com/users/zsdonghao/following{/other_user},https://api.github.com/users/zsdonghao/gists{/gist_id},https://api.github.com/users/zsdonghao/starred{/owner}{/repo},https://api.github.com/users/zsdonghao/subscriptions,https://api.github.com/users/zsdonghao/orgs,https://api.github.com/users/zsdonghao/repos,https://api.github.com/users/zsdonghao/events{/privacy},https://api.github.com/users/zsdonghao/received_events,User,False,1.0
taizilongxu,4475914,MDQ6VXNlcjQ0NzU5MTQ=,https://avatars.githubusercontent.com/u/4475914?v=4,,https://api.github.com/users/taizilongxu,https://github.com/taizilongxu,https://api.github.com/users/taizilongxu/followers,https://api.github.com/users/taizilongxu/following{/other_user},https://api.github.com/users/taizilongxu/gists{/gist_id},https://api.github.com/users/taizilongxu/starred{/owner}{/repo},https://api.github.com/users/taizilongxu/subscriptions,https://api.github.com/users/taizilongxu/orgs,https://api.github.com/users/taizilongxu/repos,https://api.github.com/users/taizilongxu/events{/privacy},https://api.github.com/users/taizilongxu/received_events,User,False,1.0
hongqn,405587,MDQ6VXNlcjQwNTU4Nw==,https://avatars.githubusercontent.com/u/405587?v=4,,https://api.github.com/users/hongqn,https://github.com/hongqn,https://api.github.com/users/hongqn/followers,https://api.github.com/users/hongqn/following{/other_user},https://api.github.com/users/hongqn/gists{/gist_id},https://api.github.com/users/hongqn/starred{/owner}{/repo},https://api.github.com/users/hongqn/subscriptions,https://api.github.com/users/hongqn/orgs,https://api.github.com/users/hongqn/repos,https://api.github.com/users/hongqn/events{/privacy},https://api.github.com/users/hongqn/received_events,User,False,1.0
ZhangHanDong,27893,MDQ6VXNlcjI3ODkz,https://avatars.githubusercontent.com/u/27893?v=4,,https://api.github.com/users/ZhangHanDong,https://github.com/ZhangHanDong,https://api.github.com/users/ZhangHanDong/followers,https://api.github.com/users/ZhangHanDong/following{/other_user},https://api.github.com/users/ZhangHanDong/gists{/gist_id},https://api.github.com/users/ZhangHanDong/starred{/owner}{/repo},https://api.github.com/users/ZhangHanDong/subscriptions,https://api.github.com/users/ZhangHanDong/orgs,https://api.github.com/users/ZhangHanDong/repos,https://api.github.com/users/ZhangHanDong/events{/privacy},https://api.github.com/users/ZhangHanDong/received_events,User,False,1.0
lyhue1991,30676974,MDQ6VXNlcjMwNjc2OTc0,https://avatars.githubusercontent.com/u/30676974?v=4,,https://api.github.com/users/lyhue1991,https://github.com/lyhue1991,https://api.github.com/users/lyhue1991/followers,https://api.github.com/users/lyhue1991/following{/other_user},https://api.github.com/users/lyhue1991/gists{/gist_id},https://api.github.com/users/lyhue1991/starred{/owner}{/repo},https://api.github.com/users/lyhue1991/subscriptions,https://api.github.com/users/lyhue1991/orgs,https://api.github.com/users/lyhue1991/repos,https://api.github.com/users/lyhue1991/events{/privacy},https://api.github.com/users/lyhue1991/received_events,User,False,1.0
